# Name,     Type,   SubType,    Offset,     Size,       Flags
# -----------------------------------------------------------------------------
# 16MB Flash Layout for SiteSurvey Pro
# -----------------------------------------------------------------------------
nvs,        data,   nvs,        0x9000,     0x6000,
phy_init,   data,   phy,        0xf000,     0x1000,
factory,    app,    factory,    0x10000,    0x200000,
storage,    data,   spiffs,     0x210000,   0x400000,
ota_0,      app,    ota_0,      0x610000,   0x200000,
ota_1,      app,    ota_1,      0x810000,   0x200000,
coredump,   data,   coredump,   0xa10000,   0x10000,
